,no_of_items,variation,total,paid,change
0,1,1,90.0,100.0,10.0
1,1,1,90.0,500.0,410.0
2,3,1,270.0,300.0,30.0
3,3,1,137.0,200.0,63.0
4,1,1,75.0,80.0,5.0
5,22,3,5611.0,5611.0,0.0
6,1,1,55.0,100.0,45.0
7,32,3,7955.0,7955.0,0.0
8,1,1,780.0,1000.0,220.0
9,1,1,235.0,500.0,265.0
10,33,6,13005.0,13001.0,0.0
11,2,1,431.0,500.0,68.0
12,3,1,1000.0,1000.0,0.0
13,5,2,242.0,500.0,258.0
14,1,1,2420.0,2460.0,0.0
15,12,2,4926.0,4926.0,0.0
16,4,2,5439.0,5439.0,0.0
17,5,1,8110.0,8110.0,0.0
18,3,1,221.0,300.0,79.0
19,2,1,584.0,1000.0,496.0
20,5,1,850.0,850.0,0.0
21,1,1,90.0,500.0,410.0
22,1,1,175.0,205.0,30.0
23,1,1,170.0,200.0,30.0
24,1,1,55.0,60.0,5.0
25,4,1,680.0,1670.0,970.0
26,9,3,1245.0,1500.0,255.0
27,1,1,800.0,1000.0,200.0
28,1,1,95.0,100.0,5.0
29,6,2,736.0,1000.0,263.0
30,1,1,58.0,70.0,12.0
31,10,4,2903.0,2903.0,0.0
32,7,2,961.0,1000.0,38.0
33,9,2,907.0,1000.0,93.0
34,2,1,202.0,205.0,3.0
35,3,1,35.0,50.0,15.0
36,1,1,45.0,1000.0,955.0
37,1,1,360.0,1000.0,640.0
38,4,2,321.0,325.0,4.0
39,2,1,253.0,1000.0,747.0
40,3,2,345.0,400.0,55.0
41,1,1,60.0,1000.0,940.0
42,1,1,35.0,35.0,0.0
43,2,2,164.0,200.0,36.0
44,4,2,367.0,1000.0,633.0
45,2,1,330.0,500.0,170.0
46,1,1,5.0,5.0,0.0
47,2,2,239.0,500.0,261.0
48,3,1,638.0,650.0,14.0
49,3,1,720.0,1000.0,280.0
50,3,2,357.0,400.0,43.0
51,3,2,412.0,500.0,88.0
52,1,1,350.0,350.0,0.0
53,4,1,199.0,200.0,1.0
54,1,1,46.0,50.0,4.0
55,7,4,542.0,1000.0,458.0
56,2,1,110.0,110.0,0.0
57,1,1,45.0,100.0,55.0
58,2,2,260.0,270.0,10.0
59,1,1,120.0,500.0,380.0
60,1,1,1900.0,2000.0,100.0
61,2,1,223.0,1000.0,777.0
62,5,3,220.0,300.0,80.0
63,2,1,351.0,400.0,49.0
64,8,1,416.0,500.0,84.0
65,2,1,119.0,200.0,81.0
66,1,1,95.0,95.0,0.0
67,3,2,580.0,1000.0,420.0
68,14,3,2183.0,2183.0,0.0
69,1,1,60.0,200.0,140.0
70,2,1,360.0,500.0,140.0
71,13,2,2657.0,3000.0,343.0
72,2,1,136.0,200.0,64.0
73,2,2,1724.0,2000.0,276.0
74,1,1,29.0,29.0,0.0
75,5,2,200.0,200.0,0.0
76,1,1,55.0,100.0,45.0
77,3,3,340.0,500.0,160.0
78,1,1,71.0,75.0,4.0
79,1,1,35.0,100.0,65.0
80,1,1,70.0,500.0,430.0
81,2,1,70.0,100.0,30.0
82,1,1,50.0,100.0,50.0
83,2,2,120.0,200.0,80.0
84,1,1,102.0,105.0,3.0
85,1,1,60.0,100.0,40.0
86,2,1,155.0,200.0,45.0
87,2,2,100.0,200.0,100.0
88,1,1,25.0,100.0,75.0
89,2,1,100.0,200.0,100.0
90,1,1,60.0,100.0,40.0
91,2,1,88.0,100.0,12.0
92,1,1,60.0,100.0,40.0
93,3,3,245.0,1000.0,755.0
94,1,1,50.0,50.0,0.0
95,1,1,80.0,100.0,20.0
96,1,1,40.0,50.0,10.0
97,1,1,40.0,40.0,0.0
98,3,2,125.0,125.0,0.0
99,2,2,180.0,200.0,20.0
100,1,1,85.0,100.0,15.0
101,6,3,3585.0,3585.0,0.0
102,1,1,50.0,200.0,150.0
103,2,2,475.0,500.0,25.0
104,1,1,70.0,100.0,30.0
105,1,1,60.0,100.0,40.0
106,1,1,60.0,100.0,40.0
107,1,1,150.0,150.0,0.0
108,2,1,60.0,100.0,40.0
109,2,1,100.0,100.0,0.0
110,1,1,35.0,100.0,65.0
111,1,1,25.0,100.0,75.0
112,5,3,350.0,500.0,150.0
113,1,1,196.0,100.0,804.0
114,2,1,100.0,100.0,0.0
115,2,1,120.0,120.0,0.0
116,1,1,77.0,500.0,423.0
117,2,2,100.0,200.0,100.0
118,1,1,20.0,20.0,0.0
119,1,1,425.0,450.0,25.0
120,1,1,530.0,600.0,70.0
121,5,3,385.0,385.0,0.0
122,2,2,188.0,1000.0,812.0
123,1,1,190.0,200.0,10.0
124,1,1,86.0,200.0,114.0
125,3,2,142.0,150.0,8.0
126,1,1,77.0,100.0,23.0
127,1,1,35.0,112.0,77.0
128,2,1,390.0,1000.0,610.0
129,1,1,99.0,1000.0,901.0
130,1,1,100.0,200.0,100.0
131,2,2,140.0,140.0,0.0
132,2,1,98.0,200.0,102.0
133,1,1,80.0,100.0,20.0
134,1,1,470.0,500.0,30.0
135,3,3,103.0,1000.0,897.0
136,2,1,150.0,500.0,350.0
137,1,1,5.0,20.0,15.0
138,1,1,60.0,100.0,40.0
139,1,1,60.0,100.0,40.0
140,1,1,95.0,1000.0,905.0
141,8,3,600.0,600.0,0.0
142,2,2,95.0,100.0,5.0
143,1,1,75.0,200.0,125.0
144,2,2,212.0,212.0,0.0
145,2,1,180.0,500.0,320.0
146,1,1,42.0,200.0,158.0
147,2,2,203.0,500.0,297.0
148,2,1,120.0,200.0,80.0
149,2,2,172.0,200.0,28.0
150,2,1,98.0,100.0,2.0
151,4,3,342.0,500.0,158.0
152,4,3,300.0,300.0,0.0
153,1,1,60.0,100.0,40.0
154,1,1,65.0,500.0,435.0
155,1,1,70.0,100.0,30.0
156,10,1,480.0,100.0,520.0
157,1,1,100.0,1000.0,900.0
158,3,1,270.0,300.0,30.0
159,3,2,430.0,1000.0,570.0
160,2,1,48.0,50.0,2.0
161,1,1,25.0,25.0,0.0
162,1,1,95.0,100.0,5.0
163,1,1,60.0,1000.0,940.0
164,1,1,35.0,100.0,65.0
165,2,2,186.0,1000.0,814.0
166,4,2,390.0,100.0,610.0
167,2,1,147.0,200.0,53.0
168,1,1,60.0,100.0,40.0
169,6,2,380.0,500.0,120.0
170,2,2,44.0,50.0,6.0
171,3,1,165.0,200.0,35.0
172,5,2,927.0,1000.0,73.0
173,2,2,149.0,206.0,57.0
174,10,3,1273.0,1300.0,27.0
175,1,1,30.0,50.0,20.0
176,2,2,177.0,200.0,23.0
177,5,2,835.0,1000.0,165.0
178,1,1,52.0,100.0,48.0
179,2,1,115.0,200.0,85.0
180,1,1,10.0,10.0,0.0
181,4,3,320.0,100.0,680.0
182,1,1,20.0,20.0,0.0
183,2,2,115.0,200.0,85.0
184,1,1,47.0,100.0,53.0
185,6,2,323.0,350.0,27.0
186,2,2,78.0,100.0,22.0
187,5,2,161.0,1000.0,839.0
188,1,1,130.0,150.0,20.0
189,1,1,875.0,100.0,125.0
190,2,1,84.0,1000.0,916.0
191,2,2,174.0,180.0,6.0
192,3,2,235.0,240.0,5.0
193,4,2,435.0,500.0,65.0
194,10,3,3440.0,3440.0,0.0
195,7,3,780.0,780.0,0.0
196,2,1,1141.0,1141.0,0.0
197,1,1,55.0,60.0,5.0
198,1,1,33.0,40.0,7.0
199,1,1,86.0,100.0,14.0
200,2,1,199.0,199.0,0.0
201,1,1,55.0,100.0,45.0
202,1,1,71.0,100.0,29.0
203,1,1,140.0,140.0,0.0
204,2,1,125.0,500.0,375.0
205,1,1,220.0,300.0,80.0
206,1,1,109.0,100.0,891.0
207,5,2,526.0,526.0,0.0
208,1,1,56.0,70.0,14.0
209,1,1,55.0,55.0,0.0
210,3,2,285.0,300.0,15.0
211,1,1,125.0,150.0,25.0
212,1,1,55.0,100.0,45.0
213,5,1,160.0,200.0,40.0
214,2,1,95.0,100.0,5.0
215,2,2,110.0,120.0,10.0
216,1,1,50.0,100.0,50.0
217,1,1,130.0,500.0,370.0
218,3,2,205.0,205.0,0.0
219,1,1,195.0,1000.0,805.0
220,1,1,90.0,200.0,110.0
221,5,2,750.0,750.0,0.0
222,6,3,17350.0,17350.0,0.0
223,1,1,71.0,100.0,29.0
224,2,2,110.0,110.0,0.0
225,6,4,840.0,1000.0,160.0
226,1,1,110.0,500.0,390.0
227,1,1,140.0,1000.0,860.0
228,4,2,590.0,1000.0,410.0
229,2,1,102.0,120.0,8.0
230,3,1,272.0,300.0,28.0
231,1,1,95.0,100.0,5.0
232,2,1,180.0,200.0,20.0
233,1,1,77.0,100.0,23.0
234,1,1,25.0,25.0,0.0
235,1,1,15.0,50.0,35.0
236,1,1,240.0,500.0,260.0
237,1,1,90.0,100.0,10.0
238,1,1,71.0,71.0,0.0
239,3,3,235.0,500.0,265.0
240,2,1,93.0,500.0,407.0
241,1,1,103.0,150.0,47.0
242,1,1,48.0,50.0,2.0
243,1,1,230.0,1000.0,770.0
244,4,2,320.0,1000.0,680.0
245,4,3,411.0,411.0,0.0
246,2,2,80.0,100.0,20.0
247,3,1,163.0,200.0,37.0
248,3,1,130.0,200.0,70.0
249,1,1,44.0,54.0,10.0
250,13,2,716.0,1000.0,264.0
251,1,1,215.0,250.0,35.0
252,3,3,353.0,1000.0,647.0
253,1,1,52.0,200.0,148.0
254,2,2,165.0,200.0,35.0
255,1,1,55.0,55.0,0.0
256,1,1,115.0,200.0,85.0
257,2,1,30.0,100.0,70.0
258,2,2,160.0,200.0,40.0
259,1,1,55.0,100.0,45.0
260,1,1,55.0,500.0,445.0
261,1,1,280.0,300.0,20.0
262,1,1,50.0,50.0,0.0
263,2,2,175.0,500.0,325.0
264,1,1,50.0,50.0,0.0
265,1,1,120.0,150.0,30.0
266,1,1,150.0,150.0,0.0
267,1,1,49.0,50.0,1.0
268,2,2,78.0,1000.0,922.0
269,1,1,100.0,100.0,0.0
270,2,1,150.0,150.0,0.0
271,8,4,1422.0,2000.0,578.0
272,2,1,110.0,500.0,390.0
273,1,1,260.0,1000.0,740.0
274,2,2,150.0,500.0,350.0
275,1,1,95.0,100.0,5.0
276,3,2,158.0,200.0,42.0
277,1,1,60.0,200.0,140.0
278,1,1,90.0,500.0,410.0
279,2,1,79.0,100.0,21.0
280,2,1,266.0,500.0,234.0
281,4,2,590.0,1000.0,410.0
282,4,2,705.0,705.0,0.0
283,2,1,20.0,100.0,80.0
284,1,1,90.0,100.0,10.0
285,3,2,355.0,400.0,45.0
286,1,1,90.0,100.0,10.0
287,4,2,315.0,500.0,185.0
288,3,2,410.0,410.0,0.0
289,1,1,45.0,50.0,5.0
290,1,1,55.0,1000.0,945.0
291,1,1,150.0,500.0,350.0
292,1,1,96.0,200.0,104.0
293,3,2,105.0,110.0,5.0
294,1,1,150.0,200.0,50.0
295,1,1,115.0,200.0,85.0
296,1,1,135.0,200.0,65.0
297,3,2,278.0,1000.0,722.0
298,2,2,110.0,110.0,0.0
299,1,1,95.0,100.0,5.0
300,1,1,71.0,100.0,29.0
301,4,1,240.0,1000.0,760.0
302,1,1,100.0,100.0,40.0
303,2,1,238.0,300.0,62.0
304,1,1,60.0,100.0,40.0
305,1,1,25.0,30.0,5.0
306,1,1,100.0,100.0,0.0
307,1,1,105.0,105.0,0.0
308,2,2,134.0,150.0,16.0
309,2,2,115.0,200.0,85.0
310,3,2,191.0,200.0,9.0
311,4,3,373.0,500.0,127.0
312,3,2,245.0,300.0,55.0
313,2,2,192.0,1000.0,808.0
314,1,1,55.0,100.0,45.0
315,3,3,337.0,500.0,167.0
316,4,2,785.0,1000.0,215.0
317,2,1,130.0,200.0,70.0
318,1,1,45.0,45.0,0.0
319,2,2,345.0,500.0,155.0
320,1,1,47.0,100.0,53.0
321,1,1,26.0,50.0,24.0
322,1,1,65.0,1000.0,935.0
323,3,2,150.0,500.0,350.0
324,1,1,60.0,100.0,40.0
325,1,1,92.0,100.0,8.0
326,3,2,186.0,200.0,14.0
327,1,1,55.0,100.0,45.0
328,2,2,105.0,110.0,5.0
329,1,1,45.0,100.0,55.0
330,1,1,90.0,100.0,10.0
331,1,1,72.0,100.0,28.0
332,2,2,90.0,100.0,10.0
333,2,2,182.0,500.0,318.0
334,3,3,233.0,300.0,67.0
335,4,3,261.0,300.0,39.0
336,1,1,100.0,100.0,0.0
337,2,1,219.0,240.0,21.0
338,4,3,274.0,1000.0,726.0
339,1,1,30.0,50.0,20.0
340,1,1,150.0,200.0,50.0
341,2,1,100.0,100.0,0.0
342,1,1,45.0,45.0,0.0
343,2,2,90.0,200.0,110.0
344,1,1,96.0,100.0,4.0
345,2,2,106.0,500.0,394.0
346,1,1,135.0,200.0,65.0
347,2,1,305.0,505.0,200.0
348,6,2,390.0,1000.0,610.0
349,2,2,89.0,100.0,11.0
350,2,2,105.0,110.0,5.0
351,2,2,530.0,1030.0,500.0
352,2,2,310.0,1000.0,690.0
353,5,4,658.0,1000.0,342.0
354,2,1,216.0,500.0,284.0
355,2,1,100.0,100.0,0.0
356,2,2,150.0,150.0,0.0
357,1,1,88.0,1000.0,912.0
358,3,2,200.0,500.0,300.0
359,3,1,887.0,1000.0,113.0
360,9,4,497.0,497.0,0.0
361,2,1,90.0,100.0,10.0
362,1,1,25.0,25.0,0.0
363,3,2,250.0,250.0,0.0
364,2,2,137.0,500.0,363.0
365,2,1,173.0,500.0,327.0
366,1,1,55.0,500.0,445.0
367,2,1,129.0,1000.0,891.0
368,1,1,282.0,500.0,218.0
369,1,1,76.0,500.0,424.0
370,3,2,225.0,1000.0,775.0
371,2,2,117.0,1007.0,890.0
372,1,1,470.0,500.0,30.0
373,2,2,129.0,500.0,371.0
374,5,2,692.0,692.0,0.0
375,1,1,40.0,100.0,60.0
376,4,1,275.0,275.0,0.0
377,4,1,840.0,1000.0,160.0
378,1,1,182.0,200.0,18.0
379,1,1,50.0,200.0,150.0
380,1,1,67.0,67.0,0.0
381,1,1,50.0,50.0,0.0
382,1,1,30.0,50.0,20.0
383,2,2,164.0,164.0,0.0
384,1,1,1.0,1.0,0.0
385,1,1,340.0,340.0,0.0
386,1,1,450.0,450.0,0.0
387,1,1,170.0,170.0,0.0
388,2,2,115.0,1000.0,885.0
389,4,2,283.0,400.0,117.0
390,1,1,30.0,200.0,170.0
391,2,1,220.0,250.0,30.0
392,1,1,85.0,500.0,415.0
393,1,1,76.0,500.0,424.0
394,1,1,110.0,500.0,390.0
395,6,3,557.0,1000.0,443.0
396,1,1,180.0,200.0,20.0
397,1,1,67.0,100.0,33.0
398,12,3,1876.0,2000.0,124.0
399,1,1,96.0,100.0,4.0
400,3,2,547.0,1000.0,453.0
401,2,2,144.0,200.0,56.0
402,1,1,90.0,100.0,10.0
403,1,1,65.0,1000.0,935.0
404,1,1,100.0,100.0,0.0
405,8,2,612.0,1000.0,388.0
406,2,1,143.0,200.0,57.0
407,2,2,430.0,1000.0,570.0
408,1,1,170.0,200.0,30.0
409,1,1,40.0,50.0,10.0
410,1,1,100.0,200.0,100.0
411,2,1,245.0,1000.0,755.0
412,1,1,45.0,500.0,455.0
413,5,3,283.0,500.0,217.0
414,4,2,474.0,1000.0,526.0
415,1,1,60.0,1000.0,940.0
416,2,2,265.0,265.0,0.0
417,7,2,845.0,845.0,0.0
418,6,2,566.0,1000.0,434.0
419,1,1,51.0,51.0,0.0
420,1,1,200.0,200.0,0.0
421,5,2,635.0,1000.0,365.0
422,1,1,90.0,100.0,10.0
423,1,1,205.0,220.0,15.0
424,2,1,159.0,200.0,41.0
426,1,1,55.0,60.0,5.0
427,2,1,140.0,200.0,60.0
428,2,1,85.0,85.0,0.0
429,2,2,150.0,200.0,50.0
430,1,1,65.0,65.0,0.0
431,3,2,455.0,500.0,45.0
433,1,1,52.0,60.0,8.0
434,1,1,100.0,100.0,0.0
435,6,2,515.0,515.0,0.0
436,1,1,200.0,200.0,0.0
437,1,1,80.0,100.0,20.0
438,1,1,70.0,1000.0,930.0
439,1,1,99.0,100.0,1.0
440,1,1,80.0,100.0,20.0
441,1,1,40.0,40.0,0.0
442,1,1,50.0,50.0,0.0
443,1,1,40.0,40.0,0.0
444,1,1,70.0,70.0,0.0
445,1,1,88.0,500.0,412.0
446,9,1,1075.0,1100.0,25.0
447,2,2,145.0,1000.0,855.0
449,2,1,120.0,120.0,0.0
450,1,1,25.0,55.0,30.0
451,1,1,147.0,200.0,53.0
452,2,1,122.0,150.0,28.0
453,1,1,200.0,200.0,0.0
454,4,2,347.0,1000.0,653.0
455,2,1,100.0,200.0,100.0
456,1,1,79.0,500.0,421.0
457,2,1,273.0,273.0,0.0
458,2,1,335.0,400.0,65.0
459,1,1,230.0,300.0,70.0
460,4,2,454.0,500.0,46.0
461,2,1,101.0,101.0,0.0
462,4,2,195.0,200.0,5.0
463,4,2,403.0,500.0,97.0
464,1,1,60.0,100.0,40.0
465,1,1,99.0,99.0,0.0
466,1,1,50.0,50.0,0.0
467,2,1,71.0,500.0,429.0
468,2,2,115.0,115.0,0.0
469,3,3,280.0,400.0,120.0
470,2,1,260.0,500.0,240.0
471,1,1,270.0,1000.0,730.0
472,3,2,110.0,110.0,0.0
473,2,2,110.0,110.0,0.0
474,1,1,55.0,100.0,45.0
475,1,1,94.0,100.0,6.0
476,1,1,100.0,100.0,0.0
477,5,2,823.0,823.0,0.0
478,2,2,119.0,1000.0,881.0
479,16,5,2304.0,3000.0,696.0
480,7,2,522.0,1000.0,478.0
481,5,2,785.0,1000.0,215.0
482,2,1,170.0,500.0,330.0
483,2,2,92.0,200.0,108.0
484,4,3,355.0,1000.0,645.0
485,4,2,718.0,718.0,0.0
486,7,4,618.0,1000.0,382.0
487,6,2,278.0,1000.0,722.0
488,2,1,154.0,154.0,0.0
489,4,2,1119.0,1119.0,0.0
490,4,3,342.0,1000.0,658.0
491,3,2,201.0,201.0,0.0
492,1,1,55.0,55.0,0.0
493,1,1,180.0,1000.0,820.0
494,3,2,245.0,500.0,255.0
495,2,1,140.0,140.0,0.0
496,2,1,100.0,100.0,0.0
497,1,1,104.0,200.0,96.0
498,4,3,680.0,680.0,0.0
499,3,2,205.0,1000.0,795.0
500,2,2,105.0,110.0,5.0
501,4,2,243.0,500.0,257.0
502,2,2,94.0,100.0,6.0
503,6,2,508.0,510.0,2.0
504,1,1,67.0,1000.0,933.0
505,2,1,115.0,115.0,0.0
506,4,3,312.0,1000.0,688.0
507,1,1,300.0,300.0,0.0
508,2,1,130.0,130.0,0.0
509,2,1,317.0,357.0,40.0
510,1,1,105.0,110.0,5.0
511,1,1,99.0,100.0,1.0
512,2,2,76.0,200.0,124.0
513,4,2,626.0,626.0,0.0
514,2,1,136.0,150.0,14.0
515,3,1,60.0,60.0,0.0
516,1,1,95.0,100.0,5.0
517,4,2,682.0,1000.0,318.0
518,1,1,100.0,100.0,0.0
519,3,2,375.0,500.0,125.0
520,1,1,55.0,55.0,0.0
521,2,1,157.0,200.0,43.0
522,3,1,185.0,200.0,15.0
523,1,1,40.0,40.0,0.0
524,4,1,468.0,468.0,0.0
525,1,1,120.0,1000.0,880.0
526,2,2,217.0,500.0,283.0
527,1,1,94.0,100.0,6.0
528,1,1,90.0,200.0,110.0
529,11,3,2079.0,2079.0,0.0
530,1,1,1200.0,1200.0,0.0
531,3,2,321.0,1000.0,679.0
532,2,1,263.0,500.0,237.0
533,3,1,259.0,260.0,1.0
534,2,1,235.0,1000.0,765.0
535,7,2,1128.0,1128.0,0.0
536,2,1,330.0,450.0,120.0
537,3,2,142.0,142.0,0.0
538,2,2,115.0,200.0,85.0
539,5,2,327.0,1000.0,673.0
540,2,2,155.0,155.0,0.0
542,1,1,292.0,1000.0,708.0
543,4,3,476.0,1000.0,524.0
544,7,2,660.0,1000.0,340.0
545,4,3,370.0,500.0,130.0
546,13,4,1172.0,2000.0,828.0
547,4,2,303.0,1000.0,697.0
548,3,2,186.0,200.0,14.0
549,1,1,25.0,100.0,75.0
550,2,2,75.0,500.0,425.0
551,10,4,694.0,1000.0,306.0
552,2,2,90.0,100.0,10.0
553,1,1,195.0,200.0,5.0
554,1,1,40.0,100.0,60.0
555,1,1,90.0,100.0,10.0
556,2,2,138.0,500.0,362.0
557,1,1,300.0,500.0,200.0
558,2,2,95.0,1000.0,905.0
559,1,1,80.0,500.0,420.0
560,6,4,295.0,500.0,205.0
561,1,1,180.0,200.0,20.0
562,1,1,80.0,100.0,20.0
563,2,1,96.0,100.0,4.0
564,6,2,700.0,1000.0,300.0
565,2,2,165.0,200.0,35.0
566,3,2,145.0,150.0,5.0
567,2,1,140.0,200.0,60.0
568,3,1,330.0,500.0,170.0
569,1,1,125.0,200.0,75.0
570,12,3,1360.0,2000.0,640.0
571,3,2,270.0,300.0,30.0
572,1,1,20.0,20.0,0.0
573,1,1,290.0,300.0,10.0
574,8,3,541.0,1000.0,459.0
575,2,2,140.0,200.0,60.0
576,1,1,125.0,205.0,80.0
577,3,1,455.0,100.0,545.0
578,2,1,240.0,250.0,10.0
579,1,1,125.0,200.0,75.0
580,11,2,1287.0,1300.0,13.0
581,4,2,320.0,500.0,180.0
582,1,1,5.0,5.0,0.0
583,1,1,100.0,100.0,0.0
584,1,1,10.0,10.0,0.0
585,3,2,408.0,408.0,0.0
586,1,1,120.0,120.0,0.0
587,3,1,348.0,1000.0,652.0
588,4,1,379.0,1000.0,621.0
589,2,1,115.0,120.0,5.0
590,3,2,209.0,220.0,11.0
591,3,1,135.0,135.0,0.0
592,1,1,120.0,150.0,30.0
593,1,1,25.0,25.0,0.0
594,1,1,65.0,200.0,135.0
595,3,2,1233.0,1500.0,267.0
596,5,3,263.0,400.0,137.0
597,1,1,40.0,40.0,0.0
598,1,1,40.0,40.0,0.0
599,2,1,200.0,500.0,300.0
600,1,1,295.0,500.0,205.0
601,1,1,155.0,1000.0,845.0
602,1,1,90.0,100.0,10.0
603,1,1,90.0,100.0,10.0
604,1,1,65.0,100.0,35.0
605,4,2,380.0,500.0,120.0
606,1,1,45.0,100.0,55.0
607,2,2,375.0,400.0,25.0
608,3,2,125.0,500.0,375.0
609,2,2,86.0,100.0,14.0
610,1,1,360.0,400.0,40.0
611,4,2,417.0,1000.0,583.0
612,5,2,399.0,399.0,0.0
613,4,3,687.0,700.0,13.0
614,5,1,753.0,1000.0,247.0
615,11,2,1990.0,2000.0,10.0
616,2,1,110.0,120.0,10.0
617,1,1,230.0,500.0,270.0
618,4,3,211.0,500.0,289.0
619,1,1,40.0,50.0,10.0
620,1,1,50.0,100.0,50.0
621,2,1,90.0,100.0,10.0
622,1,1,158.0,200.0,42.0
623,2,2,100.0,1000.0,900.0
624,4,3,405.0,1000.0,595.0
625,1,1,60.0,100.0,40.0
626,2,2,160.0,200.0,40.0
627,1,1,60.0,100.0,40.0
628,3,1,124.0,500.0,376.0
629,1,1,100.0,500.0,400.0
630,5,1,468.0,500.0,32.0
631,5,3,451.0,500.0,49.0
632,3,1,468.0,1000.0,532.0
633,2,1,212.0,250.0,38.0
634,1,1,50.0,1000.0,950.0
635,1,1,45.0,100.0,55.0
636,8,4,982.0,1000.0,10.0
637,1,1,63.0,65.0,2.0
638,5,4,462.0,500.0,38.0
639,2,1,110.0,500.0,390.0
640,2,2,129.0,200.0,71.0
641,3,2,449.0,500.0,51.0
642,1,1,85.0,200.0,115.0
643,1,1,150.0,500.0,350.0
644,3,1,265.0,500.0,235.0
645,4,3,186.0,200.0,14.0
646,3,2,160.0,200.0,40.0
647,1,1,65.0,200.0,135.0
648,5,1,254.0,254.0,0.0
649,1,1,107.0,150.0,43.0
650,2,2,90.0,100.0,10.0
651,1,1,90.0,100.0,10.0
652,1,1,25.0,30.0,5.0
653,9,4,1247.0,2000.0,753.0
654,3,2,201.0,201.0,0.0
655,1,1,60.0,60.0,0.0
656,3,2,238.0,500.0,262.0
657,6,3,562.0,1000.0,438.0
658,1,1,50.0,50.0,0.0
659,1,1,30.0,30.0,0.0
660,5,1,477.0,1000.0,523.0
661,1,1,180.0,1000.0,820.0
662,6,4,611.0,1000.0,389.0
663,5,2,547.0,1000.0,453.0
664,4,2,255.0,1000.0,745.0
665,2,1,153.0,200.0,47.0
666,1,1,60.0,100.0,40.0
667,1,1,55.0,60.0,5.0
668,1,1,145.0,500.0,355.0
669,1,1,100.0,1000.0,900.0
670,1,1,10.0,20.0,10.0
671,2,1,123.0,1000.0,877.0
672,3,3,100.0,200.0,32.0
673,3,2,205.0,250.0,45.0
674,1,1,150.0,200.0,50.0
675,5,3,359.0,400.0,41.0
676,3,1,504.0,1000.0,496.0
677,1,1,10.0,495.0,485.0
678,2,1,92.0,100.0,8.0
679,3,2,153.0,200.0,47.0
680,5,2,516.0,520.0,4.0
681,1,1,325.0,350.0,25.0
682,1,1,60.0,500.0,440.0
683,3,2,419.0,419.0,0.0
684,1,1,55.0,100.0,45.0
685,1,1,55.0,70.0,15.0
686,6,4,618.0,1000.0,382.0
687,1,1,70.0,70.0,0.0
688,4,1,246.0,250.0,4.0
689,1,1,170.0,170.0,0.0
690,1,1,61.0,65.0,4.0
691,5,3,235.0,500.0,265.0
692,1,1,40.0,50.0,10.0
693,1,1,140.0,140.0,0.0
694,1,1,55.0,55.0,0.0
695,1,1,50.0,200.0,150.0
696,1,1,90.0,100.0,10.0
697,3,1,381.0,1000.0,619.0
698,2,1,130.0,200.0,70.0
699,1,1,1250.0,1250.0,0.0
700,1,1,49.0,100.0,51.0
701,1,1,800.0,2000.0,1200.0
702,4,2,310.0,1000.0,690.0
703,2,1,395.0,1000.0,605.0
704,6,2,1842.0,1842.0,0.0
705,2,1,1385.0,1385.0,0.0
706,15,3,1937.0,2000.0,63.0
707,2,1,123.0,150.0,27.0
708,3,3,388.0,500.0,112.0
709,1,1,110.0,150.0,40.0
710,2,1,159.0,200.0,41.0
711,1,1,58.0,100.0,42.0
712,1,1,99.0,200.0,101.0
713,1,1,75.0,100.0,25.0
714,4,1,1779.0,1779.0,0.0
715,1,1,90.0,500.0,410.0
716,1,1,45.0,50.0,5.0
717,2,1,177.0,1000.0,823.0
718,6,2,1712.0,1712.0,0.0
719,1,1,60.0,60.0,0.0
720,2,2,1380.0,1380.0,0.0
721,1,1,90.0,1000.0,910.0
722,3,2,971.0,971.0,0.0
723,4,2,3970.0,3970.0,0.0
724,1,1,49.0,50.0,1.0
725,1,1,55.0,200.0,145.0
726,7,3,1175.0,1175.0,0.0
727,2,2,516.0,516.0,0.0
728,10,5,6259.0,6259.0,0.0
729,11,2,1905.0,1905.0,0.0
730,1,1,190.0,1000.0,810.0
731,2,2,960.0,1000.0,40.0
732,1,1,360.0,1000.0,640.0
733,1,1,80.0,100.0,20.0
734,1,1,45.0,50.0,5.0
735,1,1,25.0,500.0,475.0
736,1,1,49.0,1000.0,951.0
737,2,1,150.0,1000.0,850.0
738,1,1,280.0,1000.0,720.0
739,4,2,280.0,1000.0,720.0
740,3,1,205.0,500.0,295.0
741,1,1,545.0,545.0,0.0
742,4,2,1714.0,1714.0,0.0
743,1,1,55.0,200.0,145.0
744,2,1,156.0,200.0,4.0
745,1,1,30.0,100.0,70.0
746,2,3,190.0,500.0,310.0
747,1,1,60.0,110.0,50.0
748,2,1,193.0,200.0,7.0
749,1,1,26.0,50.0,24.0
750,1,1,90.0,500.0,410.0
751,1,1,60.0,100.0,40.0
752,1,1,55.0,60.0,5.0
753,1,1,175.0,1000.0,825.0
754,1,1,75.0,100.0,25.0
755,1,1,49.0,60.0,11.0
756,1,1,50.0,100.0,50.0
757,2,1,230.0,230.0,0.0
758,2,2,1155.0,1205.0,50.0
759,1,1,98.0,98.0,0.0
760,2,1,162.0,1000.0,838.0
761,2,2,122.0,1000.0,878.0
762,4,2,164.0,200.0,36.0
763,1,1,99.0,100.0,1.0
764,1,2,160.0,160.0,0.0
765,2,1,50.0,50.0,0.0
766,3,3,395.0,395.0,0.0
768,2,1,160.0,200.0,40.0
769,3,1,342.0,500.0,158.0
770,1,1,90.0,100.0,10.0
771,5,4,424.0,424.0,0.0
772,1,1,71.0,500.0,429.0
773,2,1,110.0,200.0,90.0
774,1,1,895.0,1000.0,105.0
775,1,1,44.0,50.0,6.0
776,1,1,275.0,300.0,25.0
777,2,2,115.0,115.0,0.0
778,1,1,90.0,90.0,0.0
779,2,2,2745.0,3000.0,255.0
780,1,1,55.0,55.0,0.0
781,1,1,65.0,100.0,35.0
782,1,1,35.0,200.0,165.0
783,1,1,50.0,500.0,450.0
784,1,1,21.0,100.0,79.0
785,1,1,75.0,1000.0,925.0
786,2,1,183.0,500.0,317.0
787,3,3,430.0,1000.0,570.0
788,1,1,180.0,200.0,20.0
789,2,2,525.0,525.0,0.0
790,1,1,60.0,60.0,0.0
791,1,1,94.0,100.0,6.0
792,6,4,1433.0,2000.0,567.0
793,1,1,36.0,100.0,64.0
794,4,2,1226.0,1226.0,0.0
795,1,1,28.0,28.0,0.0
796,2,1,290.0,300.0,10.0
797,16,5,2835.0,3000.0,165.0
798,1,1,760.0,1000.0,240.0
799,5,3,696.0,1000.0,304.0
800,21,5,12475.0,12475.0,0.0
801,8,2,1225.0,1250.0,25.0
802,1,1,45.0,50.0,5.0
803,1,1,85.0,100.0,15.0
804,22,5,3834.0,4000.0,166.0
805,2,2,180.0,200.0,20.0
806,1,1,60.0,100.0,40.0
807,1,1,135.0,1000.0,865.0
808,2,2,95.0,95.0,0.0
809,4,2,293.0,500.0,207.0
810,1,1,58.0,100.0,42.0
811,1,1,90.0,200.0,110.0
812,4,3,250.0,500.0,250.0
813,2,1,105.0,500.0,395.0
814,2,1,299.0,500.0,201.0
815,1,1,20.0,20.0,0.0
816,1,1,60.0,100.0,40.0
817,1,1,30.0,200.0,170.0
818,2,1,56.0,60.0,4.0
819,1,1,115.0,1000.0,885.0
820,1,1,80.0,100.0,20.0
821,1,1,48.0,100.0,52.0
822,1,1,60.0,100.0,40.0
823,1,1,90.0,100.0,10.0
824,1,1,52.0,500.0,448.0
825,1,1,30.0,50.0,20.0
826,2,2,80.0,200.0,120.0
827,1,1,280.0,300.0,20.0
828,1,1,25.0,50.0,25.0
829,1,1,40.0,50.0,10.0
830,1,1,73.0,100.0,27.0
831,1,1,35.0,1005.0,970.0
832,1,1,65.0,100.0,35.0
833,1,1,70.0,70.0,0.0
834,1,1,25.0,100.0,75.0
835,1,1,60.0,100.0,40.0
836,2,2,285.0,500.0,115.0
837,2,2,170.0,200.0,30.0
838,1,1,38.0,100.0,62.0
839,1,1,100.0,100.0,0.0
840,1,1,35.0,40.0,5.0
841,1,1,25.0,500.0,475.0
842,1,1,225.0,400.0,175.0
843,4,4,343.0,500.0,57.0
844,1,1,55.0,100.0,45.0
845,2,1,250.0,300.0,50.0
846,2,3,1130.0,1130.0,0.0
847,1,1,92.0,500.0,408.0
848,7,4,434.0,1000.0,566.0
849,4,4,1359.0,1359.0,0.0
850,2,2,166.0,200.0,34.0
851,1,1,65.0,100.0,35.0
852,8,1,1105.0,2000.0,895.0
853,1,1,20.0,50.0,30.0
854,3,3,388.0,388.0,0.0
855,1,1,60.0,200.0,140.0
856,2,2,129.0,1000.0,871.0
857,1,1,99.0,99.0,0.0
858,4,3,208.0,250.0,42.0
859,1,1,105.0,150.0,45.0
860,1,1,90.0,100.0,10.0
861,1,1,35.0,40.0,5.0
863,1,2,330.0,1000.0,670.0
864,3,2,320.0,500.0,180.0
865,2,1,107.0,150.0,43.0
866,1,1,90.0,200.0,180.0
867,2,3,70.0,200.0,130.0
868,2,1,126.0,140.0,14.0
870,4,3,315.0,315.0,0.0
871,1,1,29.0,200.0,171.0
872,1,1,60.0,100.0,40.0
873,3,3,95.0,500.0,405.0
874,2,2,113.0,500.0,387.0
875,2,2,360.0,500.0,140.0
876,3,2,273.0,280.0,7.0
877,1,1,90.0,100.0,10.0
878,1,1,24.0,30.0,6.0
879,1,1,55.0,55.0,0.0
880,1,1,55.0,60.0,5.0
881,2,2,150.0,150.0,0.0
882,1,1,60.0,100.0,40.0
883,1,1,340.0,1000.0,660.0
884,1,1,32.0,1000.0,968.0
885,13,3,2657.0,3000.0,343.0
886,17,5,2806.0,3000.0,194.0
887,2,2,220.0,250.0,30.0
888,3,2,129.0,150.0,21.0
889,3,1,777.0,1000.0,223.0
890,1,1,55.0,100.0,45.0
891,2,1,97.0,100.0,3.0
892,1,1,59.0,50.0,1.0
893,1,1,60.0,200.0,140.0
894,1,1,90.0,100.0,10.0
895,1,1,60.0,100.0,40.0
896,2,2,140.0,200.0,60.0
897,1,1,25.0,30.0,5.0
898,4,2,205.0,300.0,95.0
899,1,1,25.0,50.0,25.0
900,1,1,60.0,60.0,0.0
901,1,1,50.0,50.0,0.0
902,1,1,25.0,40.0,15.0
903,3,2,290.0,300.0,10.0
904,1,1,50.0,100.0,50.0
905,1,1,35.0,100.0,65.0
906,1,1,100.0,100.0,0.0
907,1,1,40.0,40.0,0.0
908,2,1,80.0,500.0,420.0
909,1,1,270.0,1000.0,730.0
910,14,5,2183.0,2183.0,0.0
911,2,1,447.0,1000.0,583.0
912,1,1,15.0,100.0,85.0
913,1,1,90.0,90.0,0.0
914,2,3,155.0,200.0,45.0
915,1,1,65.0,100.0,35.0
916,2,1,120.0,200.0,80.0
917,2,1,455.0,500.0,5.0
918,2,2,160.0,160.0,0.0
919,1,1,100.0,500.0,400.0
920,1,1,210.0,1000.0,790.0
921,1,1,230.0,250.0,20.0
925,2,1,100.0,500.0,400.0
926,3,2,200.0,500.0,300.0
927,1,1,80.0,100.0,20.0
928,2,2,143.0,200.0,57.0
929,1,1,115.0,150.0,35.0
930,1,1,40.0,100.0,60.0
931,1,1,60.0,100.0,40.0
932,3,1,175.0,1000.0,825.0
933,2,1,145.0,150.0,5.0
934,1,1,80.0,100.0,20.0
935,3,2,105.25,200.0,94.75
936,1,1,60.0,200.0,140.0
937,1,1,60.0,100.0,40.0
938,4,3,129.0,150.0,21.0
939,1,1,60.0,100.0,40.0
940,1,1,80.0,100.0,20.0
941,1,1,40.0,60.0,10.0
942,2,2,121.6,200.0,78.4
943,1,1,80.0,100.0,20.0
944,1,1,100.0,100.0,0.0
945,1,1,74.2,75.0,0.8
946,3,2,253.0,500.0,247.0
947,1,1,56.4,100.0,43.6
948,2,2,128.6,200.0,71.4
949,2,1,170.0,500.0,330.0
950,1,1,50.0,100.0,50.0
951,1,1,50.0,50.0,0.0
952,2,1,90.0,500.0,410.0
953,1,1,75.0,100.0,25.0
954,1,1,58.8,500.0,441.28
955,1,1,50.0,50.0,0.0
956,1,1,80.0,500.0,420.0
957,1,1,40.0,50.0,10.0
958,2,2,95.0,100.0,5.0
959,2,2,65.0,100.0,30.0
960,1,1,106.4,210.0,103.6
961,1,1,35.0,40.0,5.0
962,1,1,20.0,20.0,0.0
963,1,1,60.0,100.0,40.0
964,4,3,323.75,1000.0,676.25
965,1,1,55.0,105.0,50.0
966,2,1,115.0,200.0,85.0
967,2,1,80.0,200.0,120.0
968,1,1,40.0,50.0,10.0
969,2,1,111.0,200.0,89.0
970,1,1,100.0,100.0,0.0
971,1,1,100.0,1000.0,900.0
972,1,1,56.0,100.0,44.0
973,2,1,70.0,100.0,30.0
974,2,2,123.0,130.0,7.0
975,3,2,270.25,1000.0,729.75
976,1,1,25.0,100.0,75.0
977,1,1,35.0,50.0,15.0
978,1,1,50.0,200.0,150.0
979,1,1,25.0,30.0,5.0
980,1,1,30.0,100.0,70.0
981,1,1,101.0,150.0,49.0
982,1,1,90.0,100.0,10.0
983,1,1,60.0,60.0,0.0
984,1,1,108.0,150.0,42.0
985,1,1,56.0,100.0,44.0
986,1,1,30.0,100.0,30.0
987,1,1,155.0,200.0,45.0
988,1,1,70.0,500.0,430.0
989,2,2,40.0,100.0,60.0
990,1,1,96.6,500.0,403.4
991,1,1,80.0,200.0,120.0
992,1,1,40.0,100.0,60.0
993,1,1,73.2,100.0,26.8
994,1,1,127.0,200.0,73.0
995,1,1,38.5,100.0,61.5
996,1,1,70.0,200.0,130.0
997,1,1,35.0,200.0,165.0
998,1,1,60.0,60.0,0.0
999,3,2,114.6,200.0,85.4
1000,1,1,60.0,100.0,40.0
1001,1,1,70.0,100.0,30.0
1002,2,1,115.0,120.0,5.0
1003,1,1,40.0,100.0,60.0
1004,1,1,91.0,500.0,409.0
1005,1,1,40.0,100.0,60.0
1006,1,1,90.0,90.0,0.0
1007,1,1,90.0,100.0,10.0
1008,1,1,60.0,100.0,40.0
1009,1,1,60.0,70.0,10.0
1010,1,1,60.0,60.0,0.0
1011,1,1,40.0,40.0,0.0
1012,1,1,56.0,56.0,0.0
1013,1,1,25.0,30.0,5.0
1014,2,2,182.0,200.0,18.0
1015,5,2,410.0,500.0,90.0
1016,1,1,100.1,1000.0,899.9
1017,3,2,105.0,200.0,15.0
1018,1,1,50.0,100.0,50.0
1019,1,1,40.0,50.0,10.0
1020,1,2,30.0,30.0,0.0
1021,1,1,75.0,100.0,25.0
1022,1,1,99.6,500.0,400.4
1023,1,1,60.0,500.0,440.0
1024,2,2,105.0,500.0,395.0
1025,1,1,20.0,20.0,0.0
1026,1,1,30.0,25.0,5.0
1027,2,2,120.0,150.0,30.0
1028,1,1,45.0,500.0,455.0
1029,2,2,110.0,110.0,0.0
1030,1,1,90.0,100.0,10.0
1031,1,1,35.0,50.0,15.0
1032,1,1,60.0,60.0,0.0
1033,1,1,68.0,100.0,32.0
1034,1,1,90.0,100.0,10.0
1035,1,1,50.0,50.0,0.0
1036,1,1,580.0,1000.0,420.0
1037,1,1,95.0,95.0,0.0
1038,2,1,119.0,200.0,81.0
1039,1,1,416.0,500.0,84.0
1040,3,2,412.0,500.0,88.0
1041,2,1,223.0,100.0,777.0
1042,5,2,220.0,300.0,80.0
1043,3,1,720.0,1000.0,280.0
1044,7,3,542.0,1000.0,458.0
1045,2,1,110.0,110.0,0.0
1046,4,1,680.0,1650.0,970.0
1047,2,2,260.0,270.0,10.0
1048,4,1,199.0,200.0,1.0
1049,3,1,357.0,500.0,43.0
1050,7,1,1245.0,1500.0,255.0
1051,2,1,351.0,400.0,49.0
1052,1,1,350.0,350.0,0.0
1053,9,2,1245.0,1500.0,255.0
1054,1,1,45.0,1000.0,955.0
1055,1,1,60.0,1000.0,940.0
1056,3,2,345.0,400.0,55.0
1057,2,2,253.0,1000.0,747.0
1058,4,2,321.0,325.0,4.0
1059,1,1,360.0,1000.0,640.0
1060,2,2,164.0,200.0,36.0
1061,2,1,202.0,205.0,3.0
1062,3,1,35.0,50.0,15.0
1063,2,1,239.0,500.0,261.0
1064,4,2,367.0,1000.0,633.0
1065,1,1,46.05,50.0,3.95
1066,4,1,504.0,1000.0,496.0
1067,2,1,330.0,500.0,170.0
1068,1,1,1000.0,800.0,200.0
1069,1,1,45.0,100.0,55.0
1070,1,1,120.0,500.0,380.0
1073,21,5,12475.0,12475.0,0.0
1076,1,1,85.0,100.0,15.0
1079,1,1,60.0,100.0,40.0
1087,1,1,100.0,1000.0,900.0
1088,1,1,95.0,100.0,5.0
1089,1,1,40.0,100.0,60.0
1090,2,1,55.0,100.0,45.0
1091,2,1,179.0,200.0,23.0
1092,2,1,91.0,100.0,9.0
1093,2,1,80.0,200.0,120.0
1094,1,1,40.0,50.0,10.0
1095,2,1,78.0,100.0,22.0
1096,1,1,60.0,100.0,40.0
1097,3,1,135.0,150.0,15.0
1098,1,1,40.0,50.0,10.0
1099,1,1,37.0,200.0,163.0
1100,1,1,68.0,200.0,132.0
1101,1,1,60.0,100.0,40.0
1102,2,1,70.0,100.0,30.0
1103,1,1,25.0,200.0,175.0
1104,1,1,50.0,100.0,50.0
1105,1,1,100.0,200.0,100.0
1106,1,1,100.0,100.0,0.0
1107,1,1,3.0,3.0,0.0
1108,1,1,50.0,50.0,0.0
1109,1,1,65.0,100.0,35.0
1110,1,1,30.0,100.0,70.0
1111,1,1,40.0,40.0,0.0
1112,1,1,90.0,200.0,110.0
1113,2,1,375.0,375.0,0.0
1114,2,1,105.0,200.0,95.0
1115,1,1,49.0,200.0,151.0
1116,1,1,56.0,100.0,44.0
1117,1,1,50.0,50.0,0.0
1118,2,1,75.0,500.0,425.0
1119,1,1,60.0,100.0,40.0
1120,1,1,40.0,50.0,10.0
1121,1,1,50.0,100.0,50.0
1122,1,1,80.0,100.0,20.0
1123,1,1,123.0,200.0,77.0
1124,1,1,80.0,100.0,20.0
1125,1,1,126.0,126.0,0.0
1126,1,1,100.0,100.0,0.0
1127,1,1,50.0,50.0,0.0
1128,2,1,125.0,200.0,75.0
1129,4,1,320.0,400.0,80.0
1130,4,1,272.0,300.0,22.0
1131,2,1,180.0,500.0,320.0
1132,1,1,55.0,100.0,45.0
1133,2,1,100.0,200.0,100.0
1134,2,1,80.0,100.0,20.0
1135,1,1,100.0,100.0,0.0
1136,3,2,158.0,200.0,42.0
1137,1,1,160.0,160.0,0.0
1138,2,1,80.0,100.0,20.0
1139,3,1,115.0,1000.0,885.0
1140,2,1,90.0,100.0,10.0
1141,1,1,60.0,100.0,40.0
1142,1,1,60.0,500.0,440.0
1143,5,1,231.0,250.0,19.0
1144,3,1,306.0,500.0,194.0
1145,3,1,200.0,200.0,0.0
1146,1,1,30.0,100.0,70.0
1147,1,1,60.0,100.0,40.0
1148,1,1,60.0,60.0,40.0
1149,1,1,230.0,100.0,770.0
1150,1,1,60.0,100.0,40.0
1151,1,1,60.0,100.0,40.0
1152,1,1,80.0,500.0,420.0
1153,2,1,110.0,110.0,0.0
1154,1,1,40.0,40.0,0.0
1155,2,1,159.0,200.0,41.0
1156,1,1,70.0,500.0,430.0
1157,5,3,170.0,200.0,30.0
1158,3,1,110.0,200.0,90.0
1159,1,1,60.0,60.0,0.0
1160,2,1,135.0,150.0,15.0
1161,1,1,30.0,100.0,30.0
1162,1,1,90.0,100.0,10.0
1163,1,1,160.0,200.0,40.0
1164,1,1,60.0,110.0,50.0
1165,1,1,30.0,100.0,70.0
1166,1,1,139.0,200.0,61.0
1167,1,1,50.0,100.0,50.0
1168,1,1,25.0,30.0,5.0
1169,1,1,43.0,100.0,57.0
1170,1,1,60.0,200.0,140.0
1171,1,1,100.0,500.0,400.0
1172,1,1,25.0,50.0,25.0
1173,1,1,60.0,100.0,40.0
1174,1,1,60.0,70.0,10.0
1175,5,2,240.0,1000.0,760.0
1176,1,1,60.0,200.0,140.0
1177,1,1,275.0,500.0,225.0
1178,2,1,265.0,500.0,235.0
1179,3,1,225.0,400.0,175.0
1180,1,1,110.0,110.0,110.0
1181,2,2,120.0,1000.0,880.0
1182,1,1,60.0,110.0,50.0
1183,2,1,815.0,1000.0,175.0
1184,1,1,60.0,70.0,10.0
1185,1,1,50.0,100.0,50.0
1186,1,1,35.0,50.0,15.0
1187,1,1,60.0,200.0,140.0
1188,2,1,140.0,150.0,10.0
1189,1,1,25.0,50.0,25.0
1190,1,1,50.0,200.0,150.0
1191,2,1,168.0,1000.0,832.0
1192,2,1,120.0,500.0,380.0
1193,2,2,230.0,240.0,10.0
1194,1,1,40.0,100.0,60.0
1195,1,1,115.0,120.0,5.0
1196,3,1,160.0,200.0,40.0
1197,1,1,50.0,100.0,50.0
1198,4,3,254.0,300.0,46.0
1199,1,1,80.0,100.0,20.0
1200,1,1,80.0,100.0,20.0
1201,1,1,80.0,100.0,20.0
1202,3,1,170.0,200.0,30.0
1203,1,1,60.0,200.0,140.0
1204,3,1,140.0,1000.0,860.0
1205,1,1,101.0,1000.0,899.0
1206,1,1,80.0,100.0,20.0
1207,1,1,60.0,60.0,0.0
1208,3,1,175.0,500.0,325.0
1209,2,1,130.0,200.0,70.0
1210,2,1,45.0,50.0,5.0
1211,1,1,120.0,500.0,380.0
1212,3,1,205.0,205.0,0.0
1213,1,1,70.0,500.0,430.0
1214,2,1,130.0,1000.0,870.0
1215,2,1,195.0,200.0,5.0
1216,1,1,30.0,100.0,70.0
1217,1,1,60.0,100.0,40.0
1218,2,1,185.0,1000.0,815.0
1219,2,1,115.0,200.0,85.0
1220,2,1,120.0,520.0,400.0
1221,2,1,193.0,1000.0,807.0
1222,1,1,60.0,100.0,40.0
1223,1,1,65.0,100.0,35.0
1224,1,1,100.0,100.0,0.0
1225,1,1,120.0,500.0,380.0
1226,3,1,245.0,500.0,255.0
1227,1,1,70.0,100.0,30.0
1228,1,1,30.0,100.0,70.0
1229,1,1,70.0,1000.0,930.0
1230,1,1,115.0,120.0,5.0
1231,4,1,204.0,500.0,296.0
1232,3,1,220.0,500.0,280.0
1233,1,1,25.0,50.0,25.0
1234,3,1,290.0,1000.0,710.0
1235,1,1,80.0,100.0,20.0
1236,1,1,70.0,500.0,430.0
1237,1,1,50.0,100.0,50.0
1238,1,1,25.0,50.0,25.0
1239,1,1,120.0,1000.0,880.0
1240,1,1,25.0,40.0,15.0
1241,1,1,80.0,200.0,120.0
1242,1,1,100.0,100.0,0.0
1243,1,1,70.0,70.0,0.0
1244,2,1,140.0,500.0,360.0
1245,1,1,60.0,200.0,140.0
1246,1,1,60.0,100.0,40.0
1247,2,1,105.0,200.0,95.0
1248,1,1,60.0,100.0,40.0
1250,2,2,155.0,200.0,55.0
1251,2,1,130.0,500.0,370.0
1252,1,1,55.0,55.0,0.0
1253,1,1,99.4,200.0,100.6
1254,1,1,85.0,100.0,15.0
1255,1,1,60.0,1000.0,940.0
1256,2,1,115.0,500.0,385.0
1257,1,1,90.0,100.0,10.0
1258,1,1,80.0,100.0,20.0
1259,1,1,60.0,200.0,14.0
1260,1,1,50.0,200.0,150.0
1261,1,1,85.0,100.0,15.0
1262,1,1,215.0,300.0,85.0
1263,1,1,60.0,100.0,40.0
1264,1,1,1000.0,100.0,0.0
1265,12,1,2024.0,2024.0,0.0
1266,1,1,60.0,200.0,140.0
1267,1,1,55.0,55.0,0.0
1268,1,1,130.0,130.0,0.0
1269,3,1,275.0,500.0,225.0
1270,3,1,222.0,500.0,278.0
1271,1,1,60.0,200.0,140.0
1272,1,1,70.0,70.0,0.0
1273,4,1,314.0,400.0,84.0
1274,3,1,110.0,120.0,10.0
1275,1,1,130.0,500.0,370.0
1276,1,1,55.0,55.0,0.0
1277,2,2,1540.0,2000.0,460.0
1278,4,2,869.0,1000.0,131.0
1279,2,1,75.0,1000.0,925.0
1280,2,1,96.0,200.0,104.0
1281,2,1,293.0,500.0,207.0
1282,1,1,40.0,50.0,10.0
1283,1,1,35.0,35.0,0.0
1284,1,1,90.0,500.0,410.0
1285,1,1,235.0,250.0,15.0
1286,1,1,75.0,80.0,5.0
1287,1,1,90.0,100.0,10.0
1288,2,1,137.0,200.0,63.0
1289,1,1,175.0,205.0,30.0
1290,1,1,55.0,60.0,5.0
1291,1,1,270.0,300.0,30.0
1292,1,1,90.0,100.0,10.0
1293,9,3,907.0,1000.0,93.0
1294,1,1,95.0,100.0,5.0
1295,7,1,961.0,1000.0,39.0
1296,10,3,2903.0,2903.0,0.0
1297,6,2,736.0,1000.0,263.0
1298,1,1,58.0,70.0,12.0
1299,3,2,122.0,200.0,78.0
1300,1,1,100.0,100.0,0.0
1301,3,1,45.0,50.0,5.0
1302,2,1,120.0,120.0,0.0
1303,2,1,220.0,220.0,0.0
1304,1,1,60.0,60.0,0.0
1305,2,1,50.0,50.0,0.0
1306,2,1,130.0,130.0,0.0
1307,1,1,40.0,40.0,0.0
1308,2,1,50.0,50.0,0.0
1309,1,1,40.0,100.0,60.0
1310,2,1,125.0,200.0,75.0
1311,4,2,515.0,600.0,85.0
1312,6,3,363.0,500.0,137.0
1313,1,1,85.0,500.0,415.0
1314,3,3,225.0,250.0,25.0
1315,1,1,45.0,50.0,5.0
1316,3,3,205.0,500.0,295.0
1317,1,1,60.0,60.0,0.0
1318,1,1,90.0,100.0,10.0
1319,2,2,155.0,1000.0,845.0
1320,1,1,45.0,50.0,5.0
1321,2,1,40.0,100.0,60.0
1322,1,1,70.0,100.0,30.0
1323,1,1,60.0,100.0,40.0
1324,2,1,230.0,1000.0,770.0
1325,1,1,30.0,50.0,20.0
1326,1,1,60.0,500.0,440.0
1327,2,2,100.0,100.0,0.0
1328,1,1,50.0,100.0,50.0
1329,1,1,30.0,100.0,70.0
1330,1,1,115.0,1000.0,885.0
1331,1,1,80.0,100.0,20.0
1332,5,1,295.0,300.0,5.0
1333,2,2,205.0,205.0,0.0
1334,4,2,1468.0,2000.0,532.0
1335,1,1,60.0,70.0,10.0
1336,1,1,60.0,100.0,40.0
1337,4,2,110.0,210.0,100.0
1339,1,1,60.0,110.0,50.0
1340,1,1,60.0,100.0,40.0
1341,1,1,60.0,100.0,40.0
1342,2,2,130.0,140.0,10.0
1343,2,2,70.0,100.0,30.0
1344,5,3,282.0,500.0,218.0
1345,1,1,60.0,60.0,0.0
1346,1,1,60.0,100.0,40.0
1347,10,3,614.0,1000.0,386.0
1348,9,3,599.75,100.0,400.25
1349,4,2,330.0,400.0,70.0
1350,2,2,165.0,200.0,35.0
1351,1,1,110.0,150.0,40.0
1352,1,1,80.0,100.0,20.0
1353,3,1,185.0,200.0,15.0
1354,1,1,40.0,50.0,10.0
1355,2,1,120.0,200.0,80.0
1356,1,1,145.0,1000.0,855.0
1357,1,1,200.0,200.0,0.0
1358,1,1,60.0,60.0,0.0
1359,1,1,40.0,100.0,60.0
1360,2,2,80.0,200.0,120.0
1361,2,1,130.0,200.0,70.0
1362,4,3,185.0,200.0,15.0
1363,6,2,120.0,500.0,380.0
1364,3,2,130.0,500.0,370.0
1365,1,1,85.0,100.0,15.0
1366,1,1,70.0,500.0,430.0
1367,1,1,60.0,100.0,40.0
1368,1,1,25.0,50.0,25.0
1369,1,1,40.0,200.0,160.0
1370,1,1,5.0,5.0,0.0
1371,1,1,50.0,1000.0,950.0
1372,1,1,50.0,50.0,0.0
1373,1,1,60.0,90.0,30.0
1374,1,1,60.0,100.0,40.0
1375,1,1,15.0,15.0,0.0
1376,2,1,130.0,150.0,20.0
1377,2,1,100.0,100.0,0.0
1378,3,2,325.0,500.0,175.0
1379,2,1,50.0,50.0,0.0
1380,1,1,25.0,100.0,75.0
1381,16,1,790.0,1000.0,210.0
1382,3,3,440.0,500.0,60.0
1383,1,1,36.4,100.0,63.6
1384,1,1,60.0,100.0,40.0
1385,1,1,35.0,50.0,15.0
1386,1,1,70.0,200.0,130.0
1387,1,1,60.0,200.0,140.0
1388,2,1,120.0,200.0,80.0
1389,3,1,58.0,100.0,42.0
1390,3,2,140.0,200.0,60.0
1391,1,1,160.0,200.0,40.0
1392,1,1,60.0,200.0,140.0
1393,2,1,130.0,200.0,70.0
1394,1,1,25.0,50.0,25.0
1395,1,1,60.0,1000.0,940.0
1396,1,1,60.0,200.0,140.0
1397,4,3,320.0,320.0,0.0
1398,2,1,120.0,200.0,80.0
1399,1,1,190.0,200.0,10.0
1400,1,1,50.0,50.0,0.0
1401,1,1,100.0,100.0,0.0
1402,2,2,725.0,725.0,0.0
1403,1,1,200.0,200.0,0.0
1404,1,1,530.0,600.0,70.0
1405,1,1,95.0,100.0,5.0
1406,18,1,2654.71,2654.71,0.0
1407,1,1,35.0,112.0,77.0
1408,2,1,180.0,200.0,20.0
1409,1,1,35.0,35.0,0.0
1410,8,3,965.0,965.0,0.0
1411,11,3,3895.0,3895.0,0.0
1412,2,1,180.0,200.0,20.0
1413,4,2,161.0,200.0,39.0
1414,3,2,410.0,410.0,0.0
1415,1,1,105.0,1000.0,895.0
1416,5,1,2450.0,2450.0,0.0
1417,3,2,215.0,1000.0,785.0
1418,3,1,300.0,300.0,0.0
1419,1,1,60.0,100.0,40.0
1420,6,1,858.0,1000.0,142.0
1421,1,1,45.0,50.0,5.0
1422,6,2,920.0,1000.0,80.0
1423,2,1,150.0,1000.0,850.0
1424,1,1,34.0,100.0,66.0
1425,14,3,848.0,1000.0,152.0
1426,1,1,90.0,1000.0,910.0
1427,2,1,95.0,200.0,105.0
1428,1,1,90.0,100.0,10.0
1429,4,1,526.0,526.0,0.0
1430,1,1,35.0,40.0,5.0
1431,5,3,331.0,331.0,0.0
1432,2,2,140.0,200.0,40.0
1433,1,1,100.0,100.0,0.0
1434,1,1,30.0,50.0,20.0
1435,1,1,50.0,50.0,0.0
1436,2,2,80.0,100.0,20.0
1437,1,1,35.0,100.0,65.0
1438,2,1,60.0,60.0,0.0
1439,1,1,80.0,1000.0,920.0
1440,1,1,30.0,200.0,170.0
1441,1,1,60.0,500.0,440.0
1442,1,1,60.0,70.0,10.0
1443,1,1,60.0,200.0,140.0
1444,2,2,110.0,110.0,0.0
1445,2,1,140.0,500.0,360.0
1446,3,2,138.0,200.0,62.0
1447,4,3,185.0,500.0,15.0
1448,1,1,49.0,100.0,51.0
1449,2,2,134.0,150.0,16.0
1450,2,1,78.0,78.0,0.0
1451,1,1,155.0,200.0,45.0
1452,1,1,165.0,200.0,35.0
1453,1,1,90.0,200.0,110.0
1454,3,2,325.0,1000.0,675.0
1455,2,2,105.0,105.0,0.0
1456,1,1,70.0,200.0,130.0
1457,2,3,1230.0,1230.0,0.0
1458,1,1,90.0,100.0,10.0
1459,4,3,1810.0,2000.0,190.0
1460,2,3,516.0,516.0,0.0
1461,2,1,290.0,500.0,210.0
1462,5,2,596.0,1000.0,404.0
1463,2,2,120.0,2000.0,1880.0
